Feature,Importance Mean,Importance Std
num__Tool wear (min),0.18157607314085392,0.005365489961781678
num__Mechanical_Power_W,0.15078686972875652,0.00708263812027132
num__Overstrain_Product,0.15074708289335673,0.005779973285677703
num__Temp_Difference,0.15038974159247787,0.01255485921415181
num__Rotational speed (rpm),0.15014945971858878,0.005521106983060683
num__Torque (Nm),0.042721810957586225,0.023857901192064674
cat__Type_L,0.009625864230135228,0.00534226622624761
cat__Type_H,0.0036568052470160816,0.003685368391746033
cat__Type_M,-7.106763269708605e-05,0.00951236953729219
num__Process temperature (K),-0.0016104564490420302,0.002717802994644222
num__Missing_Sensors_Count,-0.007931300226007498,0.0036587885003581573
num__Air temperature (K),-0.00975039944768119,0.004125023837417743
num__missingindicator_Temp_Difference,-0.009853087146082618,0.0035125986769852144
num__missingindicator_Process temperature (K),-0.012117809908394572,0.0040802903143583105
cat__Control_A,-0.013855543266897863,0.005335578689773233
num__missingindicator_Air temperature (K),-0.01578972836259813,0.005473223454144949
num__missingindicator_Torque (Nm),-0.01657570376955122,0.004787203302036796
cat__Control_C,-0.019380465765475696,0.005926297299684761
num__missingindicator_Overstrain_Product,-0.02176464225691015,0.006639012166248443
num__missingindicator_Mechanical_Power_W,-0.025688560633584,0.003004149252234598
num__missingindicator_Tool wear (min),-0.0265711668137786,0.006694554020103556
num__missingindicator_Rotational speed (rpm),-0.027701457628716453,0.006459971814306971
cat__Control_B,-0.03143613137806713,0.0023811531913663915
